Metric,Score
Precision,0.7748607796340493
Recall,0.637434554973822
F-Beta,0.6994614003590665
ROC AUC,0.9216006002300094
